crop_zone,avg_crop_density,avg_precip,avg_rain,avg_snow,count
Non-Agricultural,62.02315280853634,85.95352660895243,121.23490034225891,1.0563720555667404,9934
Sparse Crops,124.54413514156555,86.14616543738599,116.30240304544373,2.572448251249108,12609
Intense Cropland,232.70177185775344,116.68301589277563,95.67531847794514,45.460185069919916,48198
